144757,187.7894744873047
144850,186.77894592285156
145050,189.2210693359375
145150,189.05262756347656
145351,188.37893676757813
145451,188.21054077148438
145651,188.7157745361328
145751,187.95790100097656
145852,188.88421630859375
146052,188.54737854003906
146152,187.7894744873047
146352,188.54737854003906
146653,188.88421630859375
146753,187.368408203125
146834,toTop1
146853,187.28421020507813
147054,187.7052459716797
147154,188.8000030517578
147354,188.12631225585938
147455,189.1368408203125
147655,190.23158264160156
147755,189.97894287109375
147956,190.3157958984375
148056,190.6526336669922
148156,190.4842071533203
148357,190.82106018066406
148469,190.14736938476563
148658,191.57896423339844
148758,188.04209899902344
148958,184.25262451171875
149058,114.18948364257813
149158,39.24211120605469
149359,37.557891845703125
149461,37.64210510253906
149660,150.82106018066406
149760,189.2210693359375
149960,188.96841430664063
150161,188.63157653808594
150363,189.1368408203125
150463,188.54737854003906
150663,187.7052459716797
150765,187.6210479736328
150847,toTop2
150966,188.21054077148438
151267,188.12631225585938
151370,188.37893676757813
151471,190.14736938476563
151670,190.06314086914063
151771,190.39999389648438
152072,190.06314086914063
152273,190.5684356689453
152373,189.72630310058594
152474,187.0315704345703
152674,174.40000915527344
152774,75.03158569335938
152975,37.05262756347656
153075,38.82106018066406
153275,128.08421325683594
153375,187.7052459716797
153476,190.23158264160156
153676,190.06314086914063
153776,188.88421630859375
154077,188.04209899902344
154278,187.7052459716797
154378,187.368408203125
154478,188.04209899902344
154464,toTop3
154679,188.21054077148438
154979,189.72630310058594
155083,189.1368408203125
155380,190.39999389648438
155581,191.4105224609375
155681,190.5684356689453
155782,190.98947143554688
155982,190.82106018066406
156086,187.0315704345703
156284,184.25262451171875
156384,78.82106018066406
156584,38.736846923828125
156685,39.15789794921875
156885,59.36842346191406
156985,190.9052734375
157099,190.5684356689453
157288,189.81053161621094
157404,188.7157745361328
157697,188.29473876953125
157802,188.46316528320313
157975,toTop4
157997,188.21054077148438
158097,188.46316528320313
158298,187.7052459716797
158398,189.1368408203125
158600,188.88421630859375
158700,189.72630310058594
158900,190.6526336669922
159011,190.73683166503906
159104,191.15789794921875
159302,191.57896423339844
159412,191.32630920410156
159607,187.11578369140625
159703,127.91578674316406
159903,38.40000915527344
160003,39.74737548828125
160204,35.11579895019531
160304,60.80000305175781
160410,192.5894775390625
160605,189.89474487304688
160705,189.2210693359375
160906,190.14736938476563
161025,188.88421630859375
161315,188.54737854003906
161408,187.95790100097656
161580,toTop5
161608,188.29473876953125
161708,189.2210693359375
161909,188.54737854003906
162010,189.05262756347656
162209,190.39999389648438
162314,190.9052734375
162444,190.73683166503906
162617,190.82106018066406
162717,189.64210510253906
162917,143.32630920410156
163017,37.894744873046875
163218,31.242111206054688
163318,79.32632446289063
163438,184.8421173095703
163618,188.63157653808594
163732,189.2210693359375
163919,188.63157653808594
164024,189.05262756347656
164220,189.1368408203125
164339,188.7157745361328
164421,188.37893676757813
164622,188.8000030517578
164737,188.7157745361328
164922,188.29473876953125
165057,188.63157653808594
165223,189.05262756347656
165357,190.6526336669922
165488,toTop6
165437,188.63157653808594
165624,189.89474487304688
165727,189.72630310058594
165925,188.63157653808594
166029,189.97894287109375
166326,188.96841430664063
166426,189.89474487304688
166627,190.9052734375
166828,187.28421020507813
167028,153.76841735839844
167129,37.22105407714844
167329,31.915786743164063
167429,31.073684692382813
167630,32.33683776855469
167730,122.77894592285156
167832,185.43157958984375
168032,189.64210510253906
168132,189.89474487304688
168333,189.05262756347656
168634,188.96841430664063
168736,188.46316528320313
168835,189.2210693359375
169035,188.37893676757813
169135,188.7157745361328
169095,toTop7
169336,188.37893676757813
169436,188.96841430664063
169636,189.2210693359375
169736,188.8000030517578
169937,189.2210693359375
170037,189.81053161621094
170137,189.1368408203125
170338,190.6526336669922
170438,189.97894287109375
170638,187.6210479736328
170738,169.09474182128906
170939,45.38948059082031
171039,40.168426513671875
171239,36.54736328125
171339,40.421051025390625
171439,175.74737548828125
171640,189.72630310058594
171740,188.96841430664063
171941,190.3157958984375
172041,188.88421630859375
172141,190.23158264160156
172342,188.54737854003906
172442,187.87368774414063
172642,188.29473876953125
172743,188.46316528320313
172910,toTop8
173043,188.63157653808594
173143,188.29473876953125
173344,189.05262756347656
173444,188.54737854003906
173644,189.2210693359375
173744,190.14736938476563
173945,189.97894287109375
174045,189.05262756347656
174245,190.23158264160156
174346,189.72630310058594
174446,186.69473266601563
174646,171.11578369140625
174746,76.54737854003906
174947,37.894744873046875
175048,37.64210510253906
175248,69.64210510253906
175348,203.53683471679688
175448,189.72630310058594
175649,190.9052734375
175749,190.82106018066406
175950,190.06314086914063
176250,188.96841430664063
176351,190.4842071533203
176451,189.89474487304688
176651,188.12631225585938
176752,189.2210693359375
176952,188.46316528320313
177053,188.12631225585938
177253,187.7894744873047
177216,toTop9
177386,188.88421630859375
177553,188.37893676757813
177653,188.7157745361328
177754,188.46316528320313
177954,189.1368408203125
178055,189.05262756347656
178256,190.82106018066406
178356,190.73683166503906
178557,190.14736938476563
178657,189.89474487304688
178759,188.12631225585938
178958,184.08421325683594
179058,64.75790405273438
179258,38.82106018066406
179358,35.70526123046875
179559,48.84210205078125
179659,182.1473846435547
179759,190.9052734375
179959,189.1368408203125
180059,189.89474487304688
180260,189.72630310058594
180364,188.29473876953125
180561,187.0315704345703
180662,187.7894744873047
180863,187.368408203125
180963,188.12631225585938
181064,187.7894744873047
181225,toTop10
181326,188.12631225585938
181364,187.28421020507813
181571,188.63157653808594
181665,189.1368408203125
181865,188.8000030517578
181965,189.81053161621094
182065,190.14736938476563
182276,190.06314086914063
182367,190.9052734375
182567,191.07366943359375
182667,189.89474487304688
182868,190.82106018066406
182968,185.5157928466797
183068,150.56842041015625
183272,61.38948059082031
183380,37.64210510253906
183570,34.18946838378906
183677,53.64210510253906
183871,182.31578063964844
183980,189.72630310058594
184072,188.7157745361328
184279,190.5684356689453
184377,187.53684997558594
184573,188.8000030517578
184679,188.21054077148438
184873,188.46316528320313
184978,188.21054077148438
185174,187.53684997558594
185239,upTop1
185291,187.368408203125
185378,188.21054077148438
185575,187.7894744873047
185713,186.86317443847656
185875,188.12631225585938
185979,187.7894744873047
186176,189.2210693359375
186295,188.63157653808594
186377,188.7157745361328
186577,190.3157958984375
186689,189.64210510253906
186891,190.5684356689453
186991,190.73683166503906
187192,190.5684356689453
187292,190.39999389648438
187392,190.3157958984375
187592,190.6526336669922
187692,191.2421112060547
187893,190.39999389648438
188017,187.28421020507813
188194,142.82106018066406
188298,41.010528564453125
188498,39.15789794921875
188599,48.92631530761719
188699,77.97895812988281
188899,152.25262451171875
188999,186.77894592285156
189200,189.72630310058594
189301,188.63157653808594
189502,188.8000030517578
189606,187.7052459716797
189703,186.77894592285156
189903,187.7894744873047
190004,187.7052459716797
190204,187.11578369140625
190348,upTop2
190311,187.53684997558594
190505,188.12631225585938
190609,187.368408203125
190712,188.21054077148438
190906,188.7157745361328
191008,189.64210510253906
191207,190.06314086914063
191310,190.82106018066406
191507,191.57896423339844
191612,190.14736938476563
192409,191.0
192409,19.284210205078125
192610,153.85263061523438
192710,41.178955078125
192910,39.326324462890625
193010,55.49473571777344
193111,67.19999694824219
193313,121.76841735839844
193415,185.76841735839844
193613,190.5684356689453
193713,188.96841430664063
193914,189.64210510253906
194014,188.88421630859375
194114,187.7052459716797
194315,187.95790100097656
194360,upTop3
194440,185.60000610351563
194616,186.86317443847656
194716,188.04209899902344
194917,188.29473876953125
195024,188.7157745361328
195117,189.89474487304688
195318,190.4842071533203
195418,190.73683166503906
195618,190.3157958984375
195719,190.4842071533203
195919,190.39999389648438
196019,190.98947143554688
196119,190.6526336669922
196320,189.64210510253906
196420,181.22105407714844
196622,96.67369079589844
196722,59.873687744140625
196922,60.88421630859375
197123,120.50526428222656
197323,186.77894592285156
197423,189.05262756347656
197624,188.63157653808594
197732,187.53684997558594
197924,188.12631225585938
198024,186.6105194091797
198083,upTop4
198225,186.35787963867188
198325,186.69473266601563
198427,188.29473876953125
198625,187.6210479736328
198725,188.54737854003906
198926,189.2210693359375
199026,188.88421630859375
199227,190.39999389648438
199327,190.5684356689453
199428,190.39999389648438
199628,190.82106018066406
199740,190.06314086914063
199929,189.72630310058594
200029,190.5684356689453
200229,189.97894287109375
200329,185.5157928466797
200436,96.08421325683594
200630,39.831573486328125
200733,39.74737548828125
200932,54.23158264160156
201033,140.04209899902344
201233,185.26315307617188
201335,189.64210510253906
201434,190.14736938476563
201634,188.96841430664063
201738,188.12631225585938
201935,187.7052459716797
202036,187.53684997558594
202235,186.69473266601563
202495,upTop5
202536,186.77894592285156
202656,185.6842041015625
202758,187.20001220703125
202937,187.7894744873047
203056,188.46316528320313
203439,190.3157958984375
203639,190.06314086914063
203739,191.4105224609375
203840,189.64210510253906
204040,190.73683166503906
204040,189.97894287109375
204343,189.64210510253906
204443,190.82106018066406
204644,187.53684997558594
204744,135.49473571777344
204844,47.24211120605469
205044,39.578948974609375
205145,55.49473571777344
205445,135.4105224609375
205646,185.85264587402344
205746,188.96841430664063
205847,189.97894287109375
206047,187.87368774414063
206147,188.88421630859375
206348,187.28421020507813
206448,186.86317443847656
206404,upTop6
206648,185.34735107421875
206748,186.35787963867188
206949,187.11578369140625
207049,188.7157745361328
207149,188.8000030517578
207349,190.9052734375
207449,190.98947143554688
207650,189.89474487304688
207750,191.15789794921875
207950,191.2421112060547
208151,190.98947143554688
208351,190.4842071533203
208451,190.5684356689453
208651,188.7157745361328
208752,180.88421630859375
208952,83.95790100097656
209052,41.51579284667969
209252,59.11579895019531
209453,116.88421630859375
209653,186.6105194091797
209754,188.21054077148438
209954,188.37893676757813
210054,188.04209899902344
210154,187.87368774414063
210355,185.09474182128906
210455,185.85264587402344
210516,upTop7
210655,185.6842041015625
210755,186.273681640625
210956,187.45263671875
211056,187.6210479736328
211257,189.89474487304688
211357,189.97894287109375
211457,191.49473571777344
211658,190.39999389648438
211758,190.3157958984375
211959,191.32630920410156
212059,190.9052734375
212259,190.73683166503906
212359,189.89474487304688
212660,184.5894775390625
212760,101.05264282226563
212962,42.18946838378906
213061,54.23158264160156
213361,101.22105407714844
213462,135.2421112060547
213662,186.6105194091797
213762,189.1368408203125
213962,188.37893676757813
214063,189.2210693359375
214263,188.54737854003906
214363,186.69473266601563
214664,186.6105194091797
214728,upTop8
214764,187.20001220703125
214964,186.6105194091797
215065,186.94737243652344
215265,187.6210479736328
215365,188.8000030517578
215567,189.72630310058594
215667,191.2421112060547
215768,190.39999389648438
215968,189.1368408203125
216069,190.6526336669922
216269,189.72630310058594
216369,190.4842071533203
216569,190.3157958984375
216670,190.39999389648438
216770,190.82106018066406
216972,185.6842041015625
217072,111.74737548828125
217272,41.600006103515625
217386,46.736846923828125
217674,101.1368408203125
217786,138.273681640625
217977,186.5263214111328
218076,189.89474487304688
218276,189.81053161621094
218378,189.05262756347656
218577,187.53684997558594
218687,187.11578369140625
218777,186.6105194091797
218942,upTop9
219014,186.35787963867188
219078,186.77894592285156
219278,187.28421020507813
219395,187.7052459716797
219579,188.21054077148438
219693,190.23158264160156
219880,189.72630310058594
219984,191.15789794921875
220089,191.83157348632813
220280,190.73683166503906
220401,190.39999389648438
220582,189.72630310058594
220701,189.81053161621094
220882,190.98947143554688
220983,190.14736938476563
221087,185.43157958984375
221285,107.28421020507813
221385,39.24211120605469
221586,39.66316223144531
221886,100.37895202636719
222013,140.2105255126953
222089,186.44210815429688
222293,189.97894287109375
222411,189.89474487304688
222593,187.95790100097656
222700,187.7894744873047
222894,187.368408203125
222970,upTop10
223010,186.273681640625
223101,186.94737243652344
223295,186.6105194091797
223397,187.6210479736328
223596,188.04209899902344
223723,190.82106018066406
223896,190.23158264160156
224013,190.39999389648438
224197,190.4842071533203
224306,191.07366943359375
224405,190.14736938476563
224597,190.3157958984375
224760,189.64210510253906
224898,190.6526336669922
225009,189.2210693359375
225198,187.95790100097656
225335,179.45263671875
225418,95.41053771972656
225599,39.831573486328125
225737,40.757904052734375
225900,65.178955078125
226047,115.45263671875
226200,160.84210205078125
226324,185.60000610351563
226418,188.12631225585938
226701,188.37893676757813
226802,188.8000030517578
227002,186.6105194091797
227103,185.76841735839844
227303,186.35787963867188
227403,186.44210815429688
227503,186.273681640625
227704,185.76841735839844
227804,186.35787963867188
228005,186.77894592285156
227990,downTop1
228105,185.85264587402344
228305,185.01051330566406
228405,186.69473266601563
228606,187.7894744873047
228706,189.2210693359375
229007,190.3157958984375
229108,191.07366943359375
229307,189.1368408203125
229408,189.64210510253906
229608,189.72630310058594
229708,190.9052734375
229808,190.06314086914063
230009,189.64210510253906
230117,190.6526336669922
230314,190.06314086914063
230414,189.05262756347656
230615,190.73683166503906
230715,190.4842071533203
230818,190.82106018066406
231018,190.4842071533203
231118,190.3157958984375
231319,191.4105224609375
231419,187.45263671875
231620,185.60000610351563
231720,100.54737854003906
231826,27.45263671875
232024,7.74737548828125
232125,4.715789794921875
232326,11.536849975585938
232433,27.873687744140625
232630,29.389480590820313
232730,41.09474182128906
232933,180.12632751464844
233033,186.77894592285156
233133,188.29473876953125
233334,188.88421630859375
233434,187.6210479736328
233634,188.21054077148438
233735,187.368408203125
233938,186.94737243652344
234038,186.44210815429688
233998,downTop2
234038,186.77894592285156
234340,187.87368774414063
234441,188.46316528320313
234641,188.04209899902344
234942,189.05262756347656
235042,190.06314086914063
235143,189.97894287109375
235343,191.15789794921875
235443,190.73683166503906
235644,191.15789794921875
235744,191.49473571777344
235944,189.64210510253906
236044,191.32630920410156
236245,189.64210510253906
236345,191.07366943359375
236445,190.6526336669922
236645,190.5684356689453
236745,190.23158264160156
236946,190.06314086914063
237046,190.6526336669922
237246,190.3157958984375
237346,190.23158264160156
237447,185.76841735839844
237647,81.178955078125
237747,21.557891845703125
237948,6.2315826416015625
238048,6.6526336669921875
238251,15.4105224609375
238349,83.62106323242188
238449,185.5157928466797
238649,190.3157958984375
238750,190.9052734375
238950,187.6210479736328
239050,187.95790100097656
239251,187.45263671875
239351,188.21054077148438
239451,187.20001220703125
239652,185.60000610351563
239752,186.94737243652344
239714,downTop3
239952,186.273681640625
240052,187.11578369140625
240253,187.87368774414063
240353,188.37893676757813
240553,188.96841430664063
240653,190.23158264160156
240754,189.81053161621094
240954,190.5684356689453
241054,190.23158264160156
241254,191.32630920410156
241355,190.82106018066406
241555,190.5684356689453
241655,190.73683166503906
241755,189.89474487304688
241956,189.72630310058594
242056,180.12632751464844
242256,43.36842346191406
242357,14.3157958984375
242557,5.1368408203125
242657,7.4947357177734375
242858,70.40000915527344
242958,184.9263153076172
243059,189.2210693359375
243259,189.89474487304688
243359,187.6210479736328
243560,188.21054077148438
243660,188.37893676757813
243760,187.28421020507813
244062,188.54737854003906
244131,downTop4
244262,187.11578369140625
244362,187.0315704345703
244563,187.6210479736328
244666,187.11578369140625
244863,188.54737854003906
244963,188.46316528320313
245064,189.05262756347656
245264,191.4105224609375
245364,190.73683166503906
245565,191.07366943359375
245665,190.5684356689453
245866,191.2421112060547
245966,189.72630310058594
246077,190.06314086914063
246266,191.15789794921875
246377,189.97894287109375
246567,176.92630004882813
246674,38.147369384765625
246868,14.063156127929688
246983,7.0736846923828125
247168,10.694732666015625
247287,157.05262756347656
247369,189.05262756347656
247569,190.9052734375
247686,188.04209899902344
247869,188.12631225585938
247994,187.53684997558594
248170,186.77894592285156
248288,185.60000610351563
248371,185.6842041015625
248545,downTop5
248609,186.35787963867188
248673,186.273681640625
248873,185.60000610351563
248998,187.28421020507813
249176,189.2210693359375
249282,189.64210510253906
249402,189.81053161621094
249579,190.9052734375
249704,190.82106018066406
249881,190.4842071533203
249982,190.9052734375
250183,189.72630310058594
250284,190.23158264160156
250399,190.9052734375
250585,189.97894287109375
250700,190.06314086914063
250888,188.96841430664063
250989,185.09474182128906
251189,106.69474792480469
251317,23.74737548828125
251493,6.6526336669921875
251605,1.7684173583984375
251708,22.3157958984375
251896,170.77894592285156
252010,184.9263153076172
252197,188.7157745361328
252298,187.45263671875
252499,187.0315704345703
252622,186.86317443847656
252701,186.35787963867188
252901,185.43157958984375
252957,downTop6
253036,184.7578887939453
253205,185.34735107421875
253328,185.76841735839844
253505,187.20001220703125
253612,188.88421630859375
253707,189.1368408203125
253906,190.82106018066406
254032,189.97894287109375
254206,191.49473571777344
254322,191.2421112060547
254607,190.5684356689453
254741,190.3157958984375
254908,190.06314086914063
255039,190.39999389648438
255208,188.29473876953125
255332,186.6105194091797
255509,110.65263366699219
255647,30.484207153320313
255810,6.736846923828125
255930,11.621047973632813
256213,185.178955078125
256342,190.73683166503906
256513,188.88421630859375
256650,187.7052459716797
256814,187.0315704345703
256917,186.6105194091797
257115,187.11578369140625
257316,186.94737243652344
257470,downTop7
257537,186.69473266601563
257640,186.35787963867188
257825,186.77894592285156
257928,187.6210479736328
258043,188.63157653808594
258226,189.64210510253906
258362,190.39999389648438
258527,190.98947143554688
258636,191.83157348632813
258828,190.9052734375
259028,190.73683166503906
259129,190.5684356689453
259429,188.37893676757813
259630,184.5894775390625
259730,163.70526123046875
259830,59.284210205078125
260032,50.35789489746094
260232,11.621047973632813
260332,5.2210540771484375
260533,4.126312255859375
260633,62.736846923828125
260733,202.6105194091797
260933,189.97894287109375
261034,188.88421630859375
261234,187.11578369140625
261334,187.7052459716797
261434,186.6105194091797
261635,185.5157928466797
261735,185.43157958984375
261789,downTop8
261935,186.69473266601563
262035,186.5263214111328
262236,185.6842041015625
262336,187.11578369140625
262436,188.8000030517578
262637,189.2210693359375
262737,190.14736938476563
262938,190.73683166503906
263038,189.97894287109375
263239,191.6631622314453
263339,190.98947143554688
263440,190.4842071533203
263640,190.3157958984375
263741,190.39999389648438
263942,189.64210510253906
264042,136.16842651367188
264242,21.642105102539063
264342,5.3894805908203125
264543,8.84210205078125
264643,62.56842041015625
264843,187.53684997558594
264943,179.45263671875
265044,188.21054077148438
265244,188.37893676757813
265344,187.95790100097656
265545,187.0315704345703
265645,187.11578369140625
265745,185.5157928466797
265946,186.5263214111328
265891,downTop9
266046,185.43157958984375
266246,186.35787963867188
266346,187.11578369140625
266546,188.8000030517578
266647,189.2210693359375
266747,190.5684356689453
266953,190.3157958984375
267051,190.23158264160156
267251,190.82106018066406
267351,190.14736938476563
267552,189.81053161621094
267652,190.98947143554688
267852,190.73683166503906
267953,188.21054077148438
268053,100.88421630859375
268253,24.84210205078125
268353,5.8105316162109375
268554,6.736846923828125
268654,14.231582641601563
268854,86.23158264160156
268954,184.42105102539063
269055,190.39999389648438
269255,188.8000030517578
269355,187.95790100097656
269556,187.368408203125
269656,186.94737243652344
269856,186.273681640625
269956,185.26315307617188
270057,186.77894592285156
270257,186.273681640625
270203,downTop10
270380,185.76841735839844
270557,186.273681640625
270658,187.7894744873047
270859,188.7157745361328
270959,188.63157653808594
271060,189.72630310058594
271260,190.23158264160156
271366,190.9052734375
271564,190.3157958984375
271662,190.39999389648438
271862,189.97894287109375
271963,191.2421112060547
272163,191.15789794921875
272263,190.23158264160156
272363,190.3157958984375
272564,190.23158264160156
272664,190.39999389648438
272864,190.3157958984375
272965,190.4842071533203
273165,186.5263214111328
273266,77.97895812988281
273366,30.484207153320313
273566,9.936843872070313
273669,9.600006103515625
273866,21.642105102539063
273989,164.8000030517578
274167,182.9894561767578
274276,189.81053161621094
274368,189.2210693359375
274568,187.7052459716797
274972,187.95790100097656
275169,187.7052459716797
275470,187.28421020507813
275570,187.368408203125
275671,187.87368774414063
275872,187.53684997558594
275977,187.7894744873047
276173,187.95790100097656
276273,187.53684997558594
276421,toBottom1
276480,187.28421020507813
276573,187.368408203125
276673,188.04209899902344
276874,188.21054077148438
277029,189.81053161621094
277175,188.29473876953125
277276,190.39999389648438
277476,188.12631225585938
277576,190.4842071533203
277698,189.89474487304688
277977,190.06314086914063
278177,189.72630310058594
278285,189.2210693359375
278478,190.39999389648438
278679,189.64210510253906
278881,188.21054077148438
278985,181.3052520751953
279184,79.07368469238281
279288,33.852630615234375
279484,31.073684692382813
279785,32.92631530761719
279920,41.178955078125
280086,174.6526336669922
280215,190.3157958984375
280296,191.07366943359375
280486,190.23158264160156
280615,190.9052734375
280787,190.5684356689453
280917,191.57896423339844
280996,188.37893676757813
281188,187.87368774414063
281306,188.21054077148438
281488,188.54737854003906
281534,toBottom2
281600,188.04209899902344
281889,188.63157653808594
281989,188.8000030517578
282089,188.37893676757813
282290,188.88421630859375
282390,188.7157745361328
282590,190.4842071533203
282691,190.39999389648438
282891,190.98947143554688
282991,190.39999389648438
283192,190.23158264160156
283292,188.88421630859375
283392,181.81053161621094
283592,153.9368438720703
283692,69.81053161621094
283893,51.45263671875
283993,37.64210510253906
284193,48.08421325683594
284293,191.91580200195313
284393,190.9052734375
284796,187.0
284896,20.042098999023438
285097,188.88421630859375
285197,190.4842071533203
285297,190.39999389648438
285497,188.7157745361328
285546,toBottom3
285799,188.46316528320313
285899,188.88421630859375
286099,188.21054077148438
286199,188.46316528320313
286400,188.8000030517578
286500,189.05262756347656
286600,190.23158264160156
286801,188.7157745361328
286903,188.96841430664063
287104,188.04209899902344
287204,181.81053161621094
287407,179.70526123046875
287507,101.89474487304688
287608,39.15789794921875
287809,40.25263977050781
287909,57.178955078125
288113,162.44210815429688
288212,188.88421630859375
288411,190.4842071533203
288512,190.5684356689453
288613,191.57896423339844
288813,190.14736938476563
288914,190.23158264160156
289114,188.88421630859375
289214,189.05262756347656
289415,188.63157653808594
289515,188.88421630859375
289450,toBottom4
289715,189.2210693359375
289815,188.29473876953125
289916,188.96841430664063
290116,189.64210510253906
290216,189.1368408203125
290417,190.4842071533203
290517,189.72630310058594
290717,188.54737854003906
290817,190.23158264160156
290918,189.97894287109375
291139,189.05262756347656
291229,186.69473266601563
291418,181.13685607910156
291519,178.5263214111328
291719,104.33685302734375
291824,38.736846923828125
292024,38.147369384765625
292124,40.08421325683594
292224,149.30526733398438
292424,187.95790100097656
292527,189.97894287109375
292729,190.06314086914063
292827,190.14736938476563
292927,190.06314086914063
293128,189.64210510253906
293428,189.81053161621094
293529,189.97894287109375
293565,toBottom5
293729,189.72630310058594
293829,187.7052459716797
294030,188.7157745361328
294130,189.05262756347656
294230,188.63157653808594
294430,188.21054077148438
294531,188.8000030517578
294731,188.63157653808594
294831,188.7157745361328
295032,189.64210510253906
295132,190.6526336669922
295232,189.64210510253906
295433,187.28421020507813
295533,181.13685607910156
295733,172.04209899902344
295834,134.39999389648438
296034,73.93684387207031
296134,46.147369384765625
296435,177.59999084472656
296539,187.6210479736328
296739,190.4842071533203
296839,190.9052734375
297039,189.89474487304688
297140,190.06314086914063
297240,189.72630310058594
297440,189.89474487304688
297541,188.54737854003906
297741,187.7052459716797
297776,toBottom6
297842,188.63157653808594
298042,188.21054077148438
298142,188.12631225585938
298343,188.46316528320313
298443,188.37893676757813
298543,188.46316528320313
298744,189.89474487304688
298844,189.97894287109375
299044,190.06314086914063
299145,190.4842071533203
299345,190.14736938476563
299448,184.7578887939453
299545,173.55789184570313
299746,88.0
299852,46.40000915527344
300046,38.40000915527344
300347,179.1999969482422
300456,187.368408203125
300547,189.89474487304688
300747,190.98947143554688
300857,189.81053161621094
301049,189.1368408203125
301351,188.88421630859375
301451,188.63157653808594
301551,188.29473876953125
301601,toBottom7
301852,187.53684997558594
302054,188.21054077148438
302166,188.8000030517578
302355,190.06314086914063
302455,188.63157653808594
302555,189.1368408203125
302755,189.64210510253906
303056,190.06314086914063
303178,190.23158264160156
303356,189.81053161621094
303457,187.87368774414063
303657,183.99998474121094
303757,177.6842041015625
303866,119.57894897460938
304058,56.5894775390625
304169,80.42105102539063
304358,180.88421630859375
304466,188.96841430664063
304659,190.5684356689453
304776,191.2421112060547
304860,190.06314086914063
305060,189.72630310058594
305193,189.81053161621094
305361,189.1368408203125
305498,toBottom8
305471,188.21054077148438
305663,188.7157745361328
305790,187.95790100097656
305873,188.04209899902344
306064,189.1368408203125
306195,188.37893676757813
306365,189.72630310058594
306497,188.46316528320313
306665,189.81053161621094
306801,190.39999389648438
306880,189.81053161621094
307167,190.23158264160156
307267,184.8421173095703
307468,183.2421112060547
307568,169.26315307617188
307768,108.80000305175781
307868,96.16842651367188
308069,58.273681640625
308169,166.39999389648438
308270,186.77894592285156
308470,189.97894287109375
308570,190.06314086914063
308771,190.3157958984375
308871,188.8000030517578
309071,188.96841430664063
309172,189.64210510253906
309272,188.54737854003906
309410,toBottom9
309472,188.04209899902344
309573,187.45263671875
309773,187.6210479736328
309873,186.94737243652344
310074,188.12631225585938
310174,187.6210479736328
310274,188.96841430664063
310475,189.1368408203125
310575,188.8000030517578
310775,190.82106018066406
310876,189.97894287109375
311076,190.3157958984375
311176,190.23158264160156
311276,190.3157958984375
311477,190.06314086914063
311577,185.26315307617188
311777,183.4105224609375
311877,182.90525817871094
312078,150.73684692382813
312178,93.97895812988281
312378,54.48420715332031
312478,122.273681640625
312578,184.42105102539063
312779,188.46316528320313
312879,190.5684356689453
313080,191.15789794921875
313180,190.5684356689453
313380,189.89474487304688
313480,190.14736938476563
313581,189.72630310058594
313781,188.8000030517578
313881,187.87368774414063
314082,187.368408203125
314182,188.04209899902344
314382,188.54737854003906
314482,188.29473876953125
314582,187.95790100097656
314783,188.63157653808594
314823,toBottom10
314883,187.95790100097656
315083,188.29473876953125
315184,189.2210693359375
315384,188.37893676757813
315584,189.97894287109375
315785,190.4842071533203
315885,189.89474487304688
316085,190.06314086914063
316216,190.9052734375
316386,188.63157653808594
316486,189.89474487304688
316787,189.05262756347656
316887,186.5263214111328
317087,183.4947509765625
317188,185.76841735839844
317388,146.273681640625
317488,83.45263671875
317689,48.33683776855469
317789,48.92631530761719
317989,126.73684692382813
318089,185.76841735839844
318190,188.88421630859375
318390,190.39999389648438
318491,189.97894287109375
318792,189.81053161621094
318892,189.2210693359375
319093,188.54737854003906
319193,188.46316528320313
319394,187.7052459716797
319494,186.94737243652344
319696,186.5263214111328
319797,186.44210815429688
320097,185.34735107421875
320197,185.09474182128906
320398,184.9263153076172
320498,185.43157958984375
320799,185.60000610351563
321107,185.43157958984375
321207,186.77894592285156
321407,185.26315307617188
321507,185.43157958984375
321708,185.6842041015625
321810,185.60000610351563
322042,upBottom1
322010,186.5263214111328
322110,185.5157928466797
322210,187.45263671875
322411,186.35787963867188
322511,187.7894744873047
322712,188.21054077148438
322812,188.46316528320313
323012,188.29473876953125
323113,188.46316528320313
323213,188.96841430664063
323413,188.54737854003906
323513,189.89474487304688
323714,188.63157653808594
323814,160.50526428222656
324014,14.231582641601563
324114,4.2105255126953125
324315,2.9473724365234375
324415,2.1052703857421875
324515,1.1789398193359375
324716,8.505264282226563
324838,81.43157958984375
325016,187.87368774414063
325116,191.2421112060547
325217,190.73683166503906
325417,191.57896423339844
325517,190.4842071533203
325717,191.4105224609375
325818,189.64210510253906
326018,189.89474487304688
326118,190.14736938476563
326319,187.53684997558594
326459,upBottom2
326444,188.46316528320313
326523,188.88421630859375
326719,187.7894744873047
326827,188.37893676757813
327029,189.64210510253906
327129,188.96841430664063
327331,189.05262756347656
327531,189.89474487304688
327732,185.60000610351563
327832,83.62106323242188
328032,13.642105102539063
328135,6.56842041015625
328333,14.989471435546875
328433,70.23158264160156
328539,186.5263214111328
328734,190.98947143554688
328835,190.5684356689453
329035,190.39999389648438
329135,191.07366943359375
329335,190.4842071533203
329436,190.82106018066406
329543,188.96841430664063
329736,189.2210693359375
329844,188.54737854003906
330037,188.29473876953125
330166,188.7157745361328
330337,187.95790100097656
330448,188.54737854003906
330638,188.8000030517578
330768,upBottom3
330752,188.37893676757813
330846,187.95790100097656
331040,188.37893676757813
331151,188.8000030517578
331341,187.7052459716797
331450,189.89474487304688
331641,189.81053161621094
331743,189.1368408203125
331847,189.97894287109375
332143,184.50527954101563
332143,82.61053466796875
332444,16.168426513671875
332544,4.715789794921875
332745,20.042098999023438
332845,160.7578887939453
332945,187.28421020507813
333145,190.39999389648438
333245,190.9052734375
333446,190.4842071533203
333546,190.3157958984375
333746,188.29473876953125
333847,188.96841430664063
333947,189.2210693359375
334147,188.46316528320313
334248,187.7894744873047
334278,upBottom4
334448,187.368408203125
334548,187.28421020507813
334749,188.04209899902344
334849,187.87368774414063
334949,187.20001220703125
335149,189.64210510253906
335250,188.8000030517578
335450,188.54737854003906
335550,188.7157745361328
335750,186.94737243652344
335851,100.12631225585938
336051,33.51579284667969
336152,4.715789794921875
336352,8.0
336452,26.02105712890625
336552,120.75790405273438
336753,185.34735107421875
336853,190.4842071533203
337053,191.2421112060547
337153,191.07366943359375
337253,190.3157958984375
337455,190.82106018066406
337555,190.14736938476563
337756,188.96841430664063
337856,188.88421630859375
338056,188.54737854003906
338256,187.87368774414063
338459,187.28421020507813
338563,187.20001220703125
338763,188.37893676757813
338788,upBottom5
339063,188.04209899902344
339264,188.29473876953125
339465,189.64210510253906
339565,188.7157745361328
339765,188.21054077148438
339866,189.89474487304688
340066,189.64210510253906
340166,188.54737854003906
340367,179.78948974609375
340467,45.05262756347656
340667,13.810531616210938
340769,5.8105316162109375
340868,4.2105255126953125
341068,29.557891845703125
341168,189.1368408203125
341369,188.96841430664063
341469,190.73683166503906
341569,190.3157958984375
341869,190.39999389648438
342170,189.72630310058594
342371,188.88421630859375
342471,188.54737854003906
342571,187.6210479736328
342602,upBottom6
342773,187.7052459716797
342875,187.7894744873047
343175,189.2210693359375
343477,188.8000030517578
343576,188.46316528320313
343777,189.2210693359375
343877,189.05262756347656
344077,188.63157653808594
344177,184.50527954101563
344378,167.83157348632813
344488,45.47367858886719
344679,12.210525512695313
344779,5.557891845703125
344879,15.915786743164063
345079,86.14736938476563
345180,185.09474182128906
345380,188.29473876953125
345485,190.23158264160156
345684,189.64210510253906
345784,190.4842071533203
345884,190.73683166503906
346085,190.4842071533203
346185,188.63157653808594
346385,187.7894744873047
346485,187.87368774414063
346708,upBottom7
346686,187.28421020507813
346786,186.77894592285156
346889,186.94737243652344
347087,187.20001220703125
347194,187.45263671875
347387,187.6210479736328
347496,187.87368774414063
347688,188.46316528320313
347788,188.96841430664063
347900,189.1368408203125
348190,175.83157348632813
348391,66.02105712890625
348491,8.0
348691,3.70526123046875
348791,4.715789794921875
349092,6.147369384765625
349208,5.4736785888671875
349398,4.54736328125
349498,41.34736633300781
349702,181.13685607910156
349818,189.2210693359375
350004,190.14736938476563
350104,191.15789794921875
350204,190.23158264160156
350405,189.72630310058594
350505,189.64210510253906
350806,188.12631225585938
351006,187.7894744873047
351106,187.45263671875
351207,188.04209899902344
351507,187.7894744873047
351626,upBottom8
351708,188.04209899902344
351808,188.46316528320313
352014,188.37893676757813
352115,188.46316528320313
352215,189.1368408203125
352418,189.2210693359375
352518,189.1368408203125
352719,188.54737854003906
352833,188.8000030517578
353019,189.2210693359375
353120,188.88421630859375
353220,189.2210693359375
353420,190.39999389648438
353526,189.1368408203125
353721,187.7052459716797
353828,151.4105224609375
354021,112.33685302734375
354122,18.8631591796875
354322,6.0631561279296875
354422,5.3894805908203125
354534,18.526321411132813
354723,139.1999969482422
354836,187.368408203125
355024,189.97894287109375
355135,191.32630920410156
355325,190.3157958984375
355525,189.81053161621094
355731,190.5684356689453
355840,189.89474487304688
356034,188.46316528320313
356134,188.8000030517578
356335,187.45263671875
356435,187.0315704345703
356447,upBottom9
356556,188.54737854003906
356735,187.7894744873047
356863,187.45263671875
357036,188.88421630859375
357156,188.63157653808594
357337,189.2210693359375
357444,189.97894287109375
357563,188.96841430664063
357738,189.89474487304688
357844,190.23158264160156
358039,188.37893676757813
358159,147.36842346191406
358341,28.29473876953125
358461,16.757888793945313
358642,10.442108154296875
358778,3.6210479736328125
358879,7.4947357177734375
359143,185.178955078125
359343,185.76841735839844
359479,190.5684356689453
359644,189.89474487304688
359766,190.98947143554688
359860,189.64210510253906
360045,189.89474487304688
360147,188.04209899902344
360345,188.12631225585938
360460,188.21054077148438
360676,upBottom10
360648,186.94737243652344
360756,187.20001220703125
360869,186.94737243652344
361061,188.12631225585938
361171,189.05262756347656
361351,188.7157745361328
361467,189.1368408203125
361651,188.46316528320313
361852,188.54737854003906
361953,188.46316528320313
362153,188.8000030517578
362253,188.37893676757813
362453,187.53684997558594
362554,141.4736785888672
362754,51.873687744140625
362854,14.56842041015625
363055,2.5263214111328125
363155,3.6210479736328125
363255,53.1368408203125
363455,180.96841430664063
363555,189.05262756347656
363756,191.2421112060547
363856,190.82106018066406
363956,189.97894287109375
364160,190.82106018066406
364257,191.4105224609375
364457,190.23158264160156
364558,189.72630310058594
364758,189.1368408203125
364858,190.5684356689453
365059,189.05262756347656
365159,189.89474487304688
365259,188.12631225585938
365460,189.1368408203125
365560,188.7157745361328
365762,189.89474487304688
365862,188.96841430664063
365978,downBottom1
366062,187.95790100097656
366163,188.88421630859375
366263,189.2210693359375
366463,188.46316528320313
366563,188.37893676757813
366764,189.97894287109375
367064,190.06314086914063
367164,190.3157958984375
367264,189.05262756347656
367465,189.97894287109375
367565,185.76841735839844
367766,186.44210815429688
367866,125.64210510253906
368066,63.15789794921875
368166,44.54736328125
368367,40.5894775390625
368467,71.41053771972656
368567,172.46316528320313
368767,190.5684356689453
368868,191.07366943359375
369068,190.6526336669922
369168,190.14736938476563
369369,190.6526336669922
369469,190.5684356689453
369569,189.72630310058594
369770,189.1368408203125
369870,188.29473876953125
370070,189.1368408203125
370170,188.8000030517578
370189,downBottom2
370371,188.21054077148438
370471,188.46316528320313
370571,187.7894744873047
370772,189.1368408203125
370872,188.8000030517578
371073,189.97894287109375
371173,190.23158264160156
371374,190.06314086914063
371474,182.23158264160156
371574,149.55789184570313
371775,59.873687744140625
371875,43.53684997558594
372075,39.831573486328125
372175,57.93684387207031
372376,190.23158264160156
372476,190.06314086914063
372779,190.5684356689453
372879,190.9052734375
373080,191.07366943359375
373184,190.73683166503906
373382,189.64210510253906
373483,189.81053161621094
373583,188.46316528320313
373783,187.7052459716797
373883,188.21054077148438
373798,downBottom3
374084,188.63157653808594
374194,189.81053161621094
374384,189.1368408203125
374485,189.05262756347656
374685,189.2210693359375
374785,189.89474487304688
374885,189.2210693359375
375086,185.6842041015625
375186,183.57894897460938
375386,150.0631561279297
375487,54.736846923828125
375687,39.15789794921875
375787,41.68421936035156
375987,82.18948364257813
376088,172.8000030517578
376188,187.0315704345703
376388,189.64210510253906
376488,190.5684356689453
376689,190.39999389648438
377292,187.0
377399,19.70526123046875
377592,188.88421630859375
377793,189.2210693359375
377824,downBottom4
377993,188.7157745361328
378093,188.63157653808594
378293,188.04209899902344
378394,188.96841430664063
378594,189.05262756347656
378694,189.64210510253906
378895,190.23158264160156
378995,188.88421630859375
379095,189.2210693359375
379296,185.26315307617188
379396,182.48422241210938
379596,141.4736785888672
379696,58.52632141113281
379897,44.21052551269531
379997,86.9052734375
380097,185.09474182128906
380298,189.64210510253906
380398,190.9052734375
380598,190.6526336669922
380699,190.06314086914063
380899,190.39999389648438
380999,190.6526336669922
381099,189.81053161621094
381300,189.72630310058594
381400,188.37893676757813
381600,189.05262756347656
381631,downBottom5
381712,188.12631225585938
381901,188.7157745361328
382001,188.63157653808594
382101,188.96841430664063
382302,189.89474487304688
382402,189.2210693359375
382703,189.81053161621094
382903,187.87368774414063
383003,182.23158264160156
383203,155.7894744873047
383303,73.51579284667969
383404,44.126312255859375
383604,42.442108154296875
383708,48.67369079589844
383904,164.54736328125
384008,188.63157653808594
384209,190.06314086914063
384305,190.14736938476563
384406,190.23158264160156
384606,190.5684356689453
384716,189.72630310058594
384907,189.05262756347656
385007,188.29473876953125
385216,189.2210693359375
385308,188.88421630859375
385367,downBottom6
385408,187.7894744873047
385609,188.46316528320313
385909,188.8000030517578
386010,187.95790100097656
386211,188.88421630859375
386314,190.82106018066406
386410,189.72630310058594
386611,188.29473876953125
386716,181.64208984375
386913,103.83158874511719
387021,38.56842041015625
387514,39.578948974609375
387714,186.5263214111328
387915,190.73683166503906
388018,190.5684356689453
388218,190.73683166503906
388317,189.72630310058594
388517,190.73683166503906
388617,189.89474487304688
388918,188.8000030517578
389018,188.29473876953125
389150,downBottom7
389319,188.88421630859375
389520,189.1368408203125
389621,188.63157653808594
389729,189.72630310058594
389921,188.37893676757813
390022,189.2210693359375
390222,189.81053161621094
390325,183.4947509765625
390523,159.6631622314453
390632,59.031585693359375
390824,40.757904052734375
390947,41.09474182128906
391024,48.0
391224,49.34736633300781
391341,63.15789794921875
391527,179.45263671875
391633,190.4842071533203
391728,191.07366943359375
391928,190.06314086914063
392055,190.39999389648438
392229,190.98947143554688
392345,188.96841430664063
392529,188.29473876953125
392649,188.7157745361328
392830,188.12631225585938
392857,downBottom8
392958,188.46316528320313
393044,188.29473876953125
393332,188.46316528320313
393532,188.7157745361328
393645,189.97894287109375
393834,190.06314086914063
393942,185.76841735839844
394051,143.0736846923828
394234,41.68421936035156
394345,39.91578674316406
394535,38.90525817871094
394647,39.326324462890625
394836,38.989471435546875
395039,186.77894592285156
395239,190.9052734375
395376,190.73683166503906
395643,189.72630310058594
395845,190.39999389648438
395956,189.05262756347656
396067,189.2210693359375
396245,188.88421630859375
396349,188.12631225585938
396467,downBottom9
396546,188.46316528320313
396648,187.95790100097656
396948,187.7052459716797
397048,188.04209899902344
397149,188.7157745361328
397452,188.29473876953125
397652,189.89474487304688
397752,182.39999389648438
397953,136.0
398053,54.736846923828125
398254,51.70526123046875
398254,57.93684387207031
398557,61.64210510253906
398657,57.852630615234375
398758,124.0421142578125
398960,187.368408203125
399060,189.2210693359375
399261,190.39999389648438
399364,190.4842071533203
399464,190.06314086914063
399664,190.23158264160156
399765,189.2210693359375
399968,189.1368408203125
400068,187.87368774414063
400173,downBottom10
400169,188.46316528320313
400369,188.12631225585938
400469,187.53684997558594
400670,188.54737854003906
400770,188.37893676757813
400971,188.96841430664063
401071,189.89474487304688
401271,188.63157653808594
401371,167.15789794921875
401472,49.93684387207031
401672,39.15789794921875
401772,39.24211120605469
401972,39.15789794921875
402073,39.66316223144531
402273,135.49473571777344
402373,189.72630310058594
402574,191.2421112060547
402674,190.82106018066406
402774,190.6526336669922
402975,190.4842071533203
403075,190.06314086914063
403275,189.89474487304688
403375,188.63157653808594
403576,189.1368408203125
403676,187.95790100097656
403776,187.6210479736328
403977,187.28421020507813
404077,186.69473266601563
404277,186.94737243652344
404379,187.53684997558594
404579,187.7894744873047
404679,187.20001220703125
404779,187.7894744873047

