11128,181.7263184
11329,181.1368561
11429,181.7263184
11630,182.0631561
11732,181.4736938
11833,181.3052521
12033,180.6315613
12135,181.3894806
12333,180.2105255
12438,180.2947235
12634,180.7157898
12739,180.8842163
12839,180.5473633
13034,180.8000031
13142,180.2105255
13335,178.6105194
13535,180.8000031
13735,181.0526276
13836,181.6420898
13936,184.0842133
14136,182.3999939
14237,180.2947235
14437,178.1894684
14537,177.5999908
14739,177.6842041
14839,178.1052704
15039,177.9368286
15139,178.2736664
15239,178.5263214
15440,178.6947327
15540,178.2736664
15841,178.0210571
16044,178.6947327
16144,178.3578949
16245,178.5263214
16546,178.7789612
16747,178.2736664
16851,177.6842041
17049,178.0210571
17049,toRight1
17148,177.3473663
17248,177.8526306
17448,179.2841949
17548,178.3578949
17749,179.7894897
17849,179.4526367
18049,181.4736938
18150,182.3999939
18350,183.1578979
18450,183.0736847
18550,182.2315826
18751,181.6420898
18851,181.7263184
19051,182.9052582
19152,182.0631561
19352,181.3894806
19452,181.5578918
19552,181.1368561
19753,175.2420959
19853,53.13684082
20053,32.42105103
20154,127.8315887
20357,178.5263214
20457,182.3999939
20557,183.0736847
20757,183.494751
20859,183.1578979
21058,181.8947296
21158,182.4842224
21359,181.7263184
21459,180.8842163
21559,180.378952
21759,179.5368347
21860,180.6315613
22065,179.621048
22161,180.4631653
22362,180.8842163
22462,181.4736938
22662,181.3052521
22762,183.3263092
22863,181.7263184
23063,181.8947296
23163,182.0631561
23364,181.6420898
23464,180.8000031
23664,179.9578857
23764,179.7894897
23864,179.7052612
24065,180.042099
24165,180.1263275
24365,179.4526367
24465,179.7894897
24666,178.7789612
24766,180.8000031
24866,180.378952
25066,180.042099
25167,179.7894897
25267,toRight2
25377,179.3684235
25467,179.8736877
25668,179.621048
25768,181.0526276
25968,180.2947235
26069,180.8842163
26169,181.0526276
26369,182.0631561
26469,183.8315887
26670,183.7473755
26770,183.8315887
26970,183.0736847
27070,179.7894897
27171,159.578949
27371,45.89474487
27471,99.28421021
27672,177.0105286
27772,182.2315826
27972,183.9157867
28072,185.1789551
28173,184.5052795
28378,184.0842133
28483,183.578949
28679,183.494751
28781,182.0631561
28981,181.4736938
29081,180.2947235
29181,178.4421082
29382,179.4526367
29482,178.1894684
29582,toRight3
29687,179.3684235
29783,178.6105194
29983,179.7894897
30083,179.7052612
30284,181.1368561
30384,181.5578918
30484,182.3157806
30685,183.7473755
30785,183.4105225
30985,182.3157806
31085,181.6420898
31286,179.7894897
31386,135.7473755
31486,36.29473877
31687,156.2105255
31787,178.1894684
31987,183.7473755
32087,183.3263092
32288,183.578949
32488,183.1578979
32689,181.7263184
32798,181.5578918
32990,179.2841949
33094,179.621048
33290,179.3684235
33390,180.2105255
33490,toRight4
33591,180.9684143
33691,179.9578857
33791,179.1999969
33991,179.8736877
34292,180.9684143
34393,181.8105316
34594,182.2315826
34694,183.8315887
34794,182.9052582
34994,183.4105225
35096,180.8000031
35295,162.7789459
35399,45.6421051
35595,171.7052612
35701,179.1999969
35801,182.4842224
35996,183.1578979
36103,182.9052582
36297,183.2421112
36406,182.2315826
36698,180.7157898
36798,178.1894684
36898,179.1999969
37098,180.9684143
37198,180.042099
37402,180.6315613
37503,180.8000031
37503,toRight5
37703,179.5368347
37803,179.1999969
38003,179.7894897
38104,181.2210541
38204,182.0631561
38404,181.8105316
38504,183.0736847
38705,183.4105225
38805,181.6420898
39005,180.9684143
39106,158.9894714
39206,62.23158264
39406,179.621048
39506,183.3263092
39707,182.2315826
39807,181.8947296
40007,181.4736938
40107,182.1473846
40208,180.378952
40408,180.1263275
40508,179.2841949
40709,180.1263275
40809,180.4631653
41009,179.2841949
41009,toRight6
41125,179.7894897
41310,177.9368286
41410,179.7894897
41510,180.4631653
41711,181.0526276
41811,181.6420898
42011,182.4842224
42312,182.1473846
42412,183.3263092
42512,181.4736938
42713,180.042099
42813,109.0526428
43013,98.94737244
43114,176.9263
43314,183.578949
43414,184.0842133
43514,182.9052582
43715,183.8315887
43815,182.3999939
44015,182.1473846
44115,180.8842163
44316,179.8736877
44416,178.6105194
44716,177.6842041
44817,178.6105194
44917,toRight7
45118,179.2841949
45319,177.5999908
45419,179.1999969
45619,179.9578857
45719,181.6420898
45823,182.0631561
46022,181.5578918
46123,181.4736938
46323,178.4421082
46423,118.6526337
46624,88.08421326
46724,176.0842285
46824,182.3999939
47024,181.5578918
47125,182.4842224
47325,181.5578918
47425,181.0526276
47626,182.0631561
47726,180.042099
48026,180.5473633
48131,181.8105316
48327,180.9684143
48427,180.5473633
48628,179.8736877
48628,toRight8
48728,180.4631653
48928,179.5368347
49028,178.6947327
49129,178.7789612
49329,178.6947327
49430,180.5473633
49630,180.9684143
49730,181.3894806
49930,182.2315826
50031,181.3052521
50131,177.2631531
50331,45.72631836
50431,135.9157867
50632,179.2841949
50732,183.3263092
50932,182.4842224
51032,183.0736847
51132,181.3894806
51333,181.5578918
51433,181.6420898
51633,178.7789612
51733,179.5368347
51934,180.6315613
52034,181.9789429
52134,180.8842163
52334,182.9894562
52435,180.8842163
52435,toRight9
53136,175
53136,18.94737244
53337,182.4842224
53437,182.2315826
53537,182.0631561
53738,181.8947296
53838,181.3894806
54038,180.042099
54138,124.8000031
54339,45.22105408
54439,175.8315735
54639,178.5263214
54740,182.3999939
54840,183.0736847
55040,183.1578979
55140,182.4842224
55341,182.0631561
55442,180.7157898
55641,179.7052612
55814,179.8736877
55851,179.621048
56043,179.7052612
56157,180.2105255
56344,180.4631653
56474,180.2105255
56744,toRight10
56744,179.8736877
56852,180.042099
57045,178.1052704
57154,179.8736877
57446,181.4736938
57646,182.1473846
57846,181.9789429
58047,182.4842224
58147,181.8947296
58247,181.3894806
58447,177.5157928
58548,158.3999939
58748,50.94737244
58848,125.8947449
59049,175.8315735
59149,180.8000031
59249,183.4105225
59450,183.0736847
59550,181.4736938
59750,182.0631561
59851,180.5473633
60051,180.1263275
60151,179.5368347
60251,180.378952
60451,181.6420898
60552,180.2947235
60752,180.8000031
60852,181.3894806
61053,182.0631561
61153,181.5578918
61253,182.3157806
61454,182.3999939
61554,181.8105316
61754,181.1368561
61854,182.1473846
61854,upRight1
62055,181.8105316
62155,182.0631561
62357,181.9789429
62457,181.8105316
62557,180.8842163
62757,180.378952
62857,180.1263275
63058,179.2841949
63158,180.1263275
63358,180.4631653
63458,180.8842163
63559,179.8736877
63759,181.3052521
63859,181.5578918
64060,181.8105316
64160,181.5578918
64360,178.0210571
64460,108.8842163
64561,13.81053162
64761,2.947372437
64861,0.842102051
65062,1.768417358
65162,60.46316528
65362,184.6736755
65462,182.0631561
65563,183.2421112
65863,183.1578979
66063,181.5578918
66364,180.9684143
66464,178.7789612
66664,179.7894897
66765,179.2841949
66865,179.621048
67065,179.9578857
67165,179.7894897
67366,179.5368347
67466,180.2105255
67566,upRight2
67682,178.6105194
67767,178.7789612
67867,177.5999908
68067,178.5263214
68180,179.1999969
68368,179.7052612
68468,180.9684143
68669,182.3157806
68769,183.7473755
68869,181.4736938
69069,126.1473694
69170,9.515792847
69370,5.389480591
69672,179.9578857
69771,182.9052582
69871,183.8315887
70071,183.9157867
70176,183.578949
70372,182.0631561
70472,183.0736847
70681,180.042099
70973,180.1263275
71076,182.1473846
71173,182.4842224
71474,181.6420898
71675,180.9684143
71775,181.9789429
71875,upRight3
71976,181.5578918
72075,181.6420898
72176,181.4736938
72376,180.2105255
72476,180.4631653
72678,179.7052612
72777,179.9578857
72977,180.9684143
73077,182.2315826
73183,182.4842224
73378,181.9789429
73478,181.2210541
73685,176.0842285
73779,24.25263977
73979,3.452636719
74079,57.09474182
74280,201.0947418
74380,183.0736847
74480,183.663147
74692,184.2526245
74781,183.4105225
74982,182.1473846
75105,181.8947296
75282,180.7157898
75404,178.5263214
75483,179.7894897
75683,181.1368561
75791,181.2210541
75984,182.0631561
76285,181.5578918
76395,upRight4
76395,181.1368561
76490,179.5368347
76686,180.2105255
76793,179.4526367
76986,180.4631653
77095,179.8736877
77287,181.3052521
77397,181.5578918
77506,182.2315826
77687,183.1578979
77888,183.494751
78088,181.0526276
78188,141.2210541
78389,10.52632141
78489,6.147369385
78789,177.2631531
78890,183.0736847
79090,182.1473846
79190,182.9894562
79391,182.3157806
79491,181.2210541
79692,180.9684143
79792,179.9578857
79892,181.2210541
80093,182.0631561
80193,180.8842163
80394,181.8947296
80494,182.2315826
80694,182.0631561
80894,181.4736938
80894,upRight5
81095,181.3052521
81195,180.8000031
81395,180.1263275
81496,179.9578857
81696,180.8842163
81796,180.378952
81896,182.9894562
82097,183.8315887
82197,182.3157806
82397,184.1684265
82497,181.3894806
82698,104.2526398
82798,10.18946838
82998,10.69473267
83099,130.0210571
83199,176.5052643
83399,181.2210541
83499,182.3999939
83700,183.9999847
83800,182.9894562
84001,183.8315887
84101,179.9578857
84201,178.6105194
84402,177.8526306
84502,180.8000031
84702,181.8105316
84802,182.1473846
85003,180.8000031
85103,182.2315826
85203,181.5578918
85403,181.2210541
85403,upRight6
85505,181.6420898
85705,180.8842163
85805,180.378952
86006,180.8842163
86106,180.2105255
86206,180.1263275
86406,182.0631561
86507,183.1578979
86707,183.9999847
86807,184.5052795
87008,184.1684265
87108,183.1578979
87308,183.7473755
87408,181.9789429
87509,89.68421936
87709,5.978942871
87809,137.2631531
88010,180.2105255
88110,182.4842224
88310,183.9999847
88410,184.3368378
88511,185.0947418
88711,184.3368378
88811,182.3157806
89012,181.7263184
89112,180.5473633
89312,181.6420898
89413,181.7263184
89513,180.8842163
89714,180.5473633
89814,181.3894806
90014,180.4631653
90114,179.8736877
90214,upRight7
90315,180.378952
90415,180.1263275
90515,179.7894897
90715,179.3684235
90816,178.2736664
91016,178.5263214
91116,180.9684143
91317,181.6420898
91417,183.4105225
91618,183.7473755
91718,184.421051
91818,182.3157806
92019,159.1578979
92119,6.231582642
92319,1.936843872
92419,7.157897949
92620,172.9684143
92720,181.4736938
92822,184.3368378
93021,184.6736755
93333,183.4105225
93622,181.5578918
93722,180.2105255
93829,180.7157898
94023,180.9684143
94123,181.3052521
94331,181.5578918
94423,181.8105316
94624,182.9894562
94724,181.1368561
94724,upRight8
94842,181.9789429
95025,181.0526276
95125,182.9894562
95325,180.8000031
95426,180.1263275
95626,181.4736938
95727,182.4842224
95927,182.9052582
96030,184.3368378
96131,184.421051
96327,184.5894775
96432,183.8315887
96628,183.4105225
96734,156.4631653
96928,14.48420715
97037,28.71578979
97229,169.5157928
97344,181.4736938
97447,182.3157806
97631,183.9999847
97931,185.1789551
98038,183.7473755
98149,181.8947296
98332,180.9684143
98435,181.7263184
98734,182.1473846
98834,181.6420898
99034,183.663147
99135,182.2315826
99235,182.0631561
99436,181.9789429
99536,181.7263184
99736,181.8947296
99837,180.9684143
99937,upRight9
100138,180.8000031
100338,180.7157898
100439,179.3684235
100539,179.7052612
100739,179.621048
100839,180.9684143
101040,181.8947296
101140,181.5578918
101340,183.9157867
101440,184.2526245
101541,183.578949
101741,185.0105133
101841,182.9052582
102042,180.5473633
102142,72.16842651
102342,10.02105713
102543,177.2631531
102743,180.2947235
102843,183.2421112
103044,183.9157867
103144,183.9999847
103344,182.9052582
103445,182.0631561
103545,181.5578918
103746,180.8842163
103846,181.5578918
104047,181.3894806
104348,182.0631561
104448,181.6420898
104648,181.7263184
104748,182.4842224
104848,181.6420898
104848,upRight10
105049,181.9789429
105149,181.4736938
105349,179.9578857
105450,179.3684235
105650,180.042099
105750,182.1473846
105850,183.4105225
106051,183.3263092
106151,184.3368378
106351,183.663147
106452,183.8315887
106652,185.1789551
106752,184.5894775
106853,181.0526276
107053,42.3578949
107153,7.242111206
107354,186.7789459
107454,179.1999969
107654,181.1368561
107754,184.0842133
107855,184.2526245
108055,184.1684265
108156,183.1578979
108358,181.4736938
108658,180.8000031
108759,181.0526276
108959,180.9684143
109059,181.3894806
109159,180.042099
109360,178.7789612
109460,179.7894897
109660,179.7052612
109760,178.7789612
109961,180.042099
110161,181.9789429
110363,181.2210541
110466,181.8105316
110663,181.3894806
110764,181.3052521
110965,181.3894806
111065,181.3052521
111165,181.3894806
111266,downRight1
111366,181.9789429
111470,180.2947235
111666,180.2105255
111767,180.9684143
111973,181.0526276
112067,180.7157898
112167,182.9894562
112368,182.9052582
112468,184.421051
112668,183.9999847
112769,184.6736755
112969,184.1684265
113069,183.4105225
113269,184.3368378
113370,185.0947418
113470,183.7473755
113670,183.8315887
113971,183.494751
114071,183.0736847
114271,182.2315826
114388,181.9789429
114488,182.2315826
114679,182.3157806
114779,178.6105194
114980,156.2105255
115080,59.11579895
115281,38.56842041
115387,119.8315887
115481,178.5263214
115682,184.0842133
115782,185.0947418
115982,185.7684174
116083,185.5157928
116283,184.2526245
116383,184.3368378
116484,185.3473511
116684,184.9263153
116784,183.2421112
116985,181.2210541
117093,181.4736938
117285,182.0631561
117587,180.9684143
117687,182.2315826
117787,181.0526276
117987,181.1368561
118087,181.7263184
118187,downRight2
118311,181.8105316
118388,180.5473633
118588,181.6420898
118688,180.4631653
118789,180.2105255
118989,181.2210541
119096,184.2526245
119290,183.8315887
119393,184.421051
119590,184.2526245
119695,182.3999939
119796,182.4842224
119991,181.0526276
120098,178.1894684
120292,163.3684235
120401,60.88421631
120592,60.63157654
120702,176.0842285
120803,177.5157928
120993,184.8421173
121106,184.7578888
121394,185.0947418
121394,183.9157867
121694,185.0947418
121795,184.5894775
121995,184.2526245
122095,183.0736847
122196,183.4105225
122397,181.8105316
122497,181.3894806
122700,181.4736938
122800,182.3157806
123100,183.494751
123401,182.9052582
123401,downRight3
123401,182.0631561
123702,182.3157806
123802,182.1473846
124002,182.2315826
124102,181.7263184
124203,180.8842163
124403,183.494751
124503,183.3263092
124704,183.1578979
124804,184.1684265
125004,184.0842133
125104,184.1684265
125204,183.9157867
125405,183.7473755
125505,183.3263092
125706,181.8947296
125806,178.4421082
126006,176.7579041
126107,114.8631592
126307,32.6736908
126507,178.4421082
126708,184.1684265
126808,186.6105194
127009,185.2631531
127111,185.0105133
127309,184.8421173
127510,184.7578888
127710,184.421051
127810,182.9052582
128010,182.2315826
128112,182.4842224
128312,180.8842163
128413,180.9684143
128513,183.2421112
128713,182.3157806
128813,181.8105316
129014,182.1473846
129114,181.8947296
129214,downRight4
129316,181.6420898
129414,181.3052521
129615,181.5578918
129715,181.8947296
129815,181.0526276
130016,180.2105255
130116,181.3894806
130316,183.2421112
130416,182.3157806
130617,183.578949
130717,182.9052582
130817,181.7263184
131017,182.0631561
131118,181.3052521
131318,178.1052704
131418,147.7894745
131619,39.74737549
131719,58.52632141
131919,201.3473816
132019,184.5052795
132119,184.3368378
132325,184.6736755
132422,184.3368378
132622,184.5894775
132722,184.421051
132823,183.9157867
133023,183.3263092
133132,182.3157806
133324,182.1473846
133424,181.3052521
133625,181.7263184
133725,181.3894806
133925,181.8105316
134025,182.1473846
134126,182.3157806
134326,downRight5
134326,181.7263184
134630,180.9684143
134727,182.3157806
134927,182.1473846
135027,181.2210541
135128,182.1473846
135328,182.9894562
135428,183.3263092
135629,183.578949
135729,183.8315887
135929,182.9894562
136029,183.3263092
136129,180.2947235
136330,176.5052643
136430,146.1894684
136630,43.957901
136931,177.5157928
137031,183.0736847
137133,184.7578888
137332,184.8421173
137432,184.3368378
137636,184.1684265
137732,184.421051
137938,184.0842133
138049,183.578949
138237,183.1578979
138337,181.0526276
138439,181.6420898
138739,181.9789429
138940,182.0631561
139040,182.3999939
139240,181.2210541
139340,181.9789429
139440,downRight6
139440,181.7263184
139641,182.3999939
139741,181.5578918
139941,181.4736938
140042,180.6315613
140242,181.3052521
140342,182.9894562
140443,183.1578979
140643,183.494751
140744,182.9052582
140943,183.8315887
141244,181.8947296
141350,182.4842224
141449,177.6842041
141645,166.9894714
141751,68.63157654
141945,40.75790405
142053,160.3368378
142246,180.6315613
142354,184.2526245
142455,185.0947418
142646,184.2526245
142766,183.8315887
142947,183.9999847
143065,184.0842133
143347,183.9999847
143448,182.2315826
143648,183.0736847
143748,182.1473846
143848,181.4736938
144048,182.0631561
144149,181.3894806
144349,182.9894562
144449,181.9789429
144649,183.494751
144749,182.4842224
144850,182.2315826
144950,downRight7
145050,183.3263092
145150,182.0631561
145350,181.6420898
145751,187
145851,19.03158569
146052,182.9894562
146152,184.1684265
146252,183.9157867
146453,184.0842133
146553,183.494751
146753,183.7473755
146853,183.1578979
147054,182.9052582
147154,179.621048
147354,177.7684326
147455,90.27368164
147555,37.30526733
147755,167.4947357
147855,183.2421112
148058,185.0947418
148158,184.7578888
148359,184.6736755
148459,184.5052795
148559,184.5894775
148759,184.2526245
148859,185.1789551
149060,183.578949
149160,181.9789429
149360,183.1578979
149460,181.5578918
149560,182.1473846
149761,181.3052521
149861,182.2315826
150062,181.6420898
150162,181.5578918
150262,downRight8
150362,181.8947296
150463,181.3052521
150763,181.7263184
150863,180.9684143
151064,181.0526276
151164,181.8947296
151364,182.9052582
151464,182.9894562
151665,183.494751
151765,184.5052795
151865,183.2421112
152065,182.9052582
152166,183.0736847
152366,181.2210541
152466,177.0947418
152667,118.4842072
152767,23.49473572
152967,126.1473694
153067,184.3368378
153168,184.6736755
153368,185.5157928
153468,184.5052795
153669,184.421051
153769,184.6736755
153870,184.421051
154070,183.8315887
154371,182.4842224
154471,182.3157806
154671,183.1578979
154773,181.9789429
154874,182.0631561
155074,181.3894806
155178,downRight9
155178,182.9894562
155375,182.0631561
155475,181.8105316
155681,181.9789429
155776,183.3263092
155976,182.9894562
156076,183.663147
156177,184.2526245
156377,182.3999939
156477,183.494751
156678,183.4105225
156778,182.3999939
156978,182.9894562
157078,183.2421112
157178,178.6947327
157379,122.1894836
157479,37.72631836
157679,183.9999847
157779,184.0842133
157980,184.5894775
158080,183.578949
158184,183.663147
158381,184.9263153
158497,184.1684265
158685,183.578949
158782,181.9789429
158983,182.0631561
159083,182.9052582
159208,183.2421112
159383,183.3263092
159484,182.2315826
159684,181.6420898
159784,downRight10
159784,183.7473755
159984,181.3894806
160085,182.2315826
160195,183.0736847
160385,181.7263184
160486,181.3894806
160700,183.0736847
160787,183.494751
160986,185.1789551
161088,184.2526245
161287,183.1578979
161391,183.494751
161490,184.421051
161688,184.2526245
161792,183.494751
161988,179.3684235
162095,176.7579041
162289,96.33685303
162397,39.83157349
162589,177.9368286
162699,184.3368378
162800,183.9157867
162997,183.663147
163142,183.9157867
163292,183.8315887
163428,184.1684265
163502,185.1789551
163794,184.3368378
163996,185.1789551
164108,184.1684265
164297,183.1578979
164428,181.8947296
164510,181.8105316
164700,182.1473846
164826,182.3999939
165002,180.8000031
165116,182.0631561
165303,181.7263184
165704,180.9684143
165804,180.8000031
165904,180.5473633
166104,180.4631653
166204,180.6315613
166405,180.2947235
166505,181.5578918
166705,181.4736938
166808,181.3052521
166808,toLeft1
166906,181.3894806
167107,181.8105316
167207,180.6315613
167407,181.8105316
167507,181.0526276
167708,179.9578857
167808,181.0526276
167908,180.9684143
168108,180.378952
168209,180.042099
168409,179.5368347
168509,178.7789612
168710,178.6105194
168810,177.5999908
168910,178.1052704
169110,179.9578857
169210,179.621048
169411,178.1894684
169511,179.7052612
169711,179.7894897
169812,179.9578857
170113,181.1368561
170213,180.7157898
170413,181.2210541
170514,180.9684143
170714,181.0526276
170814,180.9684143
171014,182.3999939
171114,183.0736847
171215,183.2421112
171415,181.5578918
171515,178.1894684
171716,77.05264282
171816,123.1999969
172016,181.5578918
172116,184.5894775
172216,185.2631531
172417,185.6842041
172517,185.4315796
172717,184.1684265
172818,181.6420898
173018,179.8736877
173118,178.0210571
173218,178.3578949
173419,180.7157898
173519,181.3052521
173719,180.2947235
173820,180.6315613
174020,181.4736938
174120,180.1263275
174321,toLeft2
174321,180.2947235
174421,179.7052612
174521,179.1999969
174722,177.5999908
174822,178.6105194
175022,177.9368286
175122,178.0210571
175323,178.1052704
175423,179.2841949
175523,180.378952
175723,180.4631653
175824,181.1368561
176024,180.9684143
176124,181.7263184
176325,181.9789429
176425,183.2421112
176525,182.9894562
176725,181.3052521
176826,177.6842041
177026,97.17895508
177126,102.3157959
177327,178.3578949
177427,183.663147
177527,184.8421173
177727,184.1684265
177829,182.9894562
178028,180.4631653
178128,179.3684235
178329,178.1052704
178429,178.3578949
178530,179.1999969
178730,180.4631653
178830,178.6947327
178830,toLeft3
179030,179.3684235
179131,179.1999969
179431,177.7684326
179633,177.4315948
179733,178.1894684
179835,178.0210571
180033,179.2841949
180133,179.7894897
180338,179.9578857
180434,180.2105255
180634,180.2947235
180735,180.8842163
180842,181.2210541
181035,182.3999939
181135,183.4105225
181344,180.6315613
181436,177.9368286
181636,100.4631653
181736,124.8842163
181849,181.7263184
182037,183.578949
182138,183.0736847
182351,180.7157898
182440,179.621048
182640,178.6105194
182740,177.6842041
182862,179.7052612
183041,179.7894897
183147,180.9684143
183342,180.2105255
183442,toLeft4
183442,179.8736877
183644,179.7894897
183746,178.4421082
183945,177.5157928
184049,178.2736664
184150,177.8526306
184346,177.5999908
184452,177.7684326
184647,179.7052612
184755,179.5368347
184947,179.9578857
185057,179.8736877
185158,180.2105255
185348,181.6420898
185459,181.3052521
185649,180.2947235
185761,177.6842041
185949,176.9263
186063,72.75790405
186164,114.6105347
186450,173.7263184
186550,181.4736938
186751,182.2315826
186851,183.1578979
187052,180.5473633
187152,178.4421082
187252,177.8526306
187453,178.1894684
187553,179.1999969
187756,178.5263214
187756,toLeft5
187854,178.3578949
188054,178.1052704
188154,178.1894684
188255,177.5157928
188455,178.6105194
188555,178.2736664
188756,176.9263
188856,178.5263214
189056,179.9578857
189156,179.5368347
189357,180.5473633
189457,180.9684143
189557,181.3052521
189858,181.4736938
190058,180.5473633
190158,175.0737
190359,157.2210541
190459,50.02105713
190659,128
190760,173.4736786
190860,180.8842163
191060,183.494751
191161,182.4842224
191361,181.5578918
191461,180.7157898
191562,178.0210571
191762,177.3473663
191862,177.7684326
192063,177.4315948
192163,177.0105286
192163,toLeft6
192363,178.2736664
192463,178.4421082
192564,177.5157928
192764,178.4421082
192864,177.8526306
193065,178.3578949
193165,177.9368286
193365,179.7052612
193466,179.9578857
193566,180.1263275
193766,180.8000031
193866,181.1368561
194066,181.4736938
194167,181.8105316
194367,181.7263184
194467,180.9684143
194668,177.5999908
194768,176.9263
194868,107.115799
195068,61.47367859
195169,193.8526306
195369,178.0210571
195469,183.7473755
195670,182.3999939
195770,181.7263184
195870,180.2947235
196071,177.9368286
196171,178.2736664
196371,177.3473663
196471,177.2631531
196671,177.5999908
196772,177.2631531
196772,toLeft7
196872,177.5999908
197073,178.3578949
197173,177.5999908
197373,178.1052704
197473,178.3578949
197674,179.1999969
197874,179.621048
198074,178.7789612
198174,180.8000031
198375,180.2947235
198475,180.8842163
198675,181.8105316
198776,182.1473846
198976,181.4736938
199076,177.6842041
199176,175.9157715
199377,65.85263062
199477,136.6736908
199677,176.0842285
199778,181.4736938
199978,181.2210541
200079,181.5578918
200179,180.4631653
200380,178.1894684
200481,177.7684326
200781,178.4421082
200982,177.3473663
201082,179.4526367
201082,toLeft8
201193,178.6105194
201383,179.621048
201488,178.1894684
201683,177.7684326
201783,178.2736664
201993,177.5999908
202085,177.9368286
202185,179.2841949
202385,179.1999969
202498,180.378952
202686,180.8842163
202786,180.378952
203000,181.1368561
203088,180.8000031
203287,177.0105286
203387,174.9052582
203489,150.8210602
203688,44.63157654
203790,149.1368408
203989,174.7368469
204093,181.8105316
204289,181.6420898
204433,181.5578918
204495,181.1368561
204690,178.2736664
204814,177.2631531
204990,177.4315948
205100,177.7684326
205291,178.0210571
205398,177.5999908
205398,toLeft9
205507,177.7684326
205697,177.6842041
205804,177.5999908
205998,177.6842041
206298,178.1052704
206409,178.5263214
206510,179.5368347
206699,179.1999969
206813,180.8000031
207000,181.2210541
207114,181.0526276
207300,181.5578918
207416,181.3052521
207517,180.8842163
207701,177.1789398
207901,165.8947296
208102,51.62104797
208202,126.7368469
208402,177.5999908
208502,181.6420898
208703,182.3157806
208803,181.4736938
208903,180.6315613
209104,177.3473663
209204,176.6736908
209404,177.6842041
209505,177.8526306
209705,178.3578949
209805,179.5368347
209905,177.4315948
209905,toLeft10
210105,177.9368286
210206,177.5157928
210406,177.8526306
210506,178.4421082
210707,178.6947327
210807,177.5999908
210907,179.2841949
211107,179.7052612
211207,180.378952
211408,181.3052521
211508,181.4736938
211809,181.8105316
212109,181.2210541
212209,182.0631561
212410,178.0210571
212510,174.9052582
212710,69.05264282
212810,122.8631592
213011,176.2526245
213111,181.7263184
213211,182.3157806
213412,182.2315826
213512,181.3052521
213712,179.621048
213812,177.7684326
214013,177.1789398
214113,179.5368347
214213,180.5473633
214413,180.9684143
214514,180.8000031
214716,180.9684143
214816,181.0526276
215016,180.8842163
215117,180.8000031
215217,180.2947235
215517,180.4631653
215718,179.1999969
215818,179.621048
215918,upLeft1
216018,179.5368347
216119,180.4631653
216219,180.2947235
216419,180.2105255
216519,180.2947235
216720,180.042099
216820,178.6105194
217020,179.4526367
217121,177.5999908
217221,178.4421082
217421,177.6842041
217521,179.1999969
217722,180.2105255
217822,180.8000031
218022,181.3052521
218122,181.2210541
218323,182.9894562
218423,181.8947296
218523,183.9157867
218723,184.0842133
219024,177.8526306
219124,68.54737854
219325,193.3473663
219425,181.5578918
219525,182.9894562
219725,184.0842133
219826,184.1684265
220026,184.8421173
220127,184.421051
220327,181.8105316
220427,180.378952
220527,178.5263214
220727,178.6947327
220828,180.4631653
221028,180.2105255
221128,179.8736877
221329,179.9578857
221429,180.2947235
221529,179.621048
221730,upLeft2
221730,179.5368347
221830,180.042099
222030,180.2105255
222134,178.7789612
222331,177.2631531
222431,178.6105194
222640,179.5368347
222731,180.2105255
222832,180.5473633
223032,182.9052582
223134,183.4105225
223332,184.0842133
223433,184.7578888
223733,184.3368378
223835,107.3684235
224035,180.6315613
224150,183.9157867
224337,183.4105225
224439,184.7578888
224652,185.5157928
224739,184.8421173
224868,185.4315796
225039,182.2315826
225143,179.7894897
225343,178.5263214
225443,179.621048
225643,180.042099
225751,180.6315613
225859,180.2105255
226046,180.042099
226175,181.0526276
226348,180.4631653
226348,upLeft3
226454,180.2105255
226650,179.1999969
226751,179.4526367
226950,180.1263275
227055,178.1052704
227156,178.2736664
227351,178.5263214
227458,178.7789612
227652,180.4631653
227759,180.7157898
227952,181.3894806
228062,181.8947296
228162,182.4842224
228353,182.9894562
228464,185.5157928
228653,168.8421021
228767,105.9368439
228954,182.3157806
229069,183.9999847
229169,185.8526459
229355,184.6736755
229471,184.421051
229655,183.663147
229856,182.0631561
230056,179.4526367
230157,178.0210571
230457,181.1368561
230557,181.8105316
230758,181.7263184
230858,182.1473846
230858,upLeft4
231058,180.7157898
231159,181.3052521
231359,179.5368347
231459,178.5263214
231560,177.8526306
231760,178.4421082
231860,178.0210571
232061,179.7052612
232161,180.2105255
232361,181.8105316
232461,181.3052521
232561,182.3999939
232762,181.8947296
232862,181.8105316
233062,183.1578979
233163,183.7473755
233363,185.3473511
233463,180.9684143
233563,82.61053467
233764,108.0421143
233864,178.4421082
234065,179.3684235
234165,184.421051
234365,184.2526245
234465,184.5052795
234565,184.3368378
234766,182.3999939
234866,181.7263184
235066,177.8526306
235166,177.9368286
235367,179.9578857
235467,180.9684143
235667,181.4736938
235767,182.1473846
235868,181.3894806
235868,upLeft5
236070,181.9789429
236170,182.1473846
236370,181.5578918
236471,180.2947235
236671,179.1999969
236771,178.5263214
236872,177.9368286
237072,177.5999908
237172,179.4526367
237372,179.5368347
237473,180.4631653
237673,181.1368561
237773,181.6420898
237873,181.8947296
238574,85
238574,18.52632141
238775,180.1263275
238876,183.3263092
239030,186.7789459
239177,184.5052795
239292,184.1684265
239481,183.578949
239590,183.3263092
239781,182.3999939
239911,181.4736938
240082,180.378952
240197,177.7684326
240297,177.3473663
240483,179.2841949
240589,180.5473633
240784,181.8947296
240892,180.4631653
241185,181.1368561
241185,upLeft6
241285,180.5473633
241386,182.0631561
241586,182.3157806
241686,180.042099
241887,178.4421082
241987,177.5157928
242187,177.8526306
242287,178.1052704
242387,177.2631531
242588,179.3684235
242688,180.1263275
242888,181.0526276
242989,181.2210541
243189,182.1473846
243389,183.1578979
243590,152.1684265
243690,102.1473694
243890,176.5894623
243990,182.0631561
244191,182.2315826
244304,184.5052795
244494,184.0842133
244694,184.421051
244894,181.9789429
244995,181.3052521
245195,179.7894897
245295,178.1052704
245496,180.042099
245596,181.8105316
245696,181.6420898
245997,182.2315826
246097,upLeft7
246298,182.3157806
246498,181.6420898
246598,180.378952
246698,177.7684326
246899,178.1052704
246999,178.2736664
247199,178.3578949
247299,180.1263275
247500,181.0526276
247600,181.3894806
247700,181.2210541
247901,182.1473846
248001,182.0631561
248201,181.8105316
248301,183.663147
248502,178.0210571
248602,71.74737549
248702,177.2631531
248902,182.1473846
249003,183.7473755
249203,182.9052582
249303,183.578949
249504,182.0631561
249604,183.7473755
249804,182.3157806
249905,181.3894806
250005,180.6315613
250205,181.0526276
250305,180.1263275
250506,179.5368347
250606,179.621048
250807,178.6947327
250907,178.7789612
251007,180.2947235
251208,182.3157806
251308,180.9684143
251508,180.6315613
251609,182.1473846
251909,181.5578918
251909,upLeft8
252010,181.4736938
252210,181.7263184
252311,181.2210541
252511,179.7894897
252611,179.5368347
252811,177.5999908
252912,178.4421082
253012,178.0210571
253212,177.5157928
253312,179.2841949
253513,179.9578857
253613,180.378952
253813,180.7157898
253913,182.3157806
254014,181.8105316
254214,182.9052582
254314,183.0736847
254515,183.2421112
254615,178.1894684
254815,69.05264282
254916,172.2947388
255116,180.6315613
255216,183.8315887
255517,185.1789551
255626,184.9263153
255821,183.4105225
255918,181.3894806
256118,179.8736877
256219,178.0210571
256331,177.6842041
256519,180.6315613
256619,181.2210541
256828,181.3894806
256920,182.4842224
257020,upLeft9
257139,181.8105316
257221,181.7263184
257333,181.0526276
257521,178.6105194
257623,177.5157928
257824,177.8526306
257924,178.2736664
258125,179.1999969
258225,180.1263275
258326,180.2947235
258525,180.4631653
258628,181.1368561
258844,181.3894806
258930,182.8210602
259127,183.578949
259232,166.2315826
259333,91.62106323
259527,177.2631531
259635,183.494751
259828,182.2315826
259937,183.8315887
260128,184.0842133
260263,183.0736847
260431,181.8947296
260543,179.9578857
260648,178.3578949
260832,177.7684326
260942,179.2841949
261133,182.1473846
261267,181.7263184
261433,181.3894806
261433,upLeft10
261551,181.6420898
261654,182.2315826
261834,180.8842163
261951,178.6947327
262235,177.7684326
262536,178.5263214
262636,179.4526367
262736,180.378952
262936,179.8736877
263036,182.3999939
263237,181.4736938
263337,181.2210541
263537,180.9684143
263638,182.0631561
263738,183.494751
263938,164.2105255
264038,104.9263153
264239,180.042099
264339,182.9052582
264539,180.5473633
264640,182.3999939
264740,182.9052582
264940,183.663147
265040,182.0631561
265241,179.1999969
265341,177.8526306
265541,177.5157928
265642,181.9789429
265742,182.3999939
265942,181.8105316
266042,181.9789429
266243,downLeft1
266343,181.8105316
266643,181.5578918
266844,180.7157898
266944,179.5368347
267044,178.6105194
267245,178.3578949
267545,177.9368286
267645,178.2736664
267846,179.7894897
267946,179.4526367
268046,180.4631653
268247,179.1999969
268547,179.9578857
268848,180.6315613
268948,180.8000031
269048,180.9684143
269248,177.4315948
269349,23.83157349
269549,35.36842346
269650,193.3473663
269850,182.9894562
269950,183.4105225
270050,183.1578979
270251,183.3263092
270351,181.3894806
270551,181.4736938
270652,179.1999969
270852,178.3578949
270953,177.6842041
271053,180.042099
271253,181.2210541
271353,181.3052521
271554,180.6315613
271554,downLeft2
271674,181.7263184
271854,180.042099
271954,179.2841949
272155,178.6947327
272255,178.7789612
272355,178.0210571
272656,177.3473663
272856,179.2841949
272956,180.378952
273257,180.9684143
273357,182.3999939
273558,180.8000031
273658,181.3894806
273858,149.7263184
273958,18.44210815
274159,125.0526428
274259,184.421051
274359,184.5052795
274559,182.3157806
274663,182.2315826
274861,181.3894806
274961,180.9684143
275161,178.6105194
275261,178.1052704
275362,179.3684235
275562,180.2105255
275662,180.9684143
275863,180.4631653
275965,downLeft3
275965,180.5473633
276165,179.8736877
276266,179.7052612
276365,178.7789612
276566,177.8526306
276666,178.1052704
276866,177.8526306
276966,177.4315948
277167,177.9368286
277267,179.7052612
277468,179.621048
277568,180.4631653
277668,180.8000031
277868,180.5473633
277968,182.1473846
278169,181.5578918
278269,179.4526367
278469,82.77894592
278570,3.621047974
278770,166.1473694
278871,184.2526245
278972,183.7473755
279171,183.3263092
279273,181.6420898
279484,180.8842163
279573,179.3684235
279677,177.7684326
279874,177.9368286
279991,180.8000031
280174,180.7157898
280286,180.4631653
280575,181.3052521
280675,downLeft4
280675,181.4736938
280876,180.7157898
280986,179.621048
281176,179.3684235
281288,177.9368286
281477,178.6105194
281581,177.7684326
281677,178.0210571
281878,178.6105194
281980,178.6947327
282181,179.7052612
282282,178.7789612
282482,180.2947235
282582,180.8000031
282682,180.378952
282882,180.9684143
282984,180.4631653
283183,181.8105316
283584,175.9157715
283684,31.57894897
283790,2.694732666
283934,121.0947418
284012,181.8105316
284192,182.9052582
284322,182.4842224
284493,181.3052521
284612,180.2105255
284794,178.6947327
284927,177.9368286
285196,180.1263275
285331,180.8000031
285500,181.1368561
285617,180.9684143
285718,downLeft5
285809,181.3894806
285904,180.2105255
286020,178.6947327
286204,178.4421082
286318,178.3578949
286505,177.7684326
286705,177.4315948
286906,178.7789612
287006,178.0210571
287106,178.6105194
287307,178.2736664
287407,179.1999969
287607,179.8736877
287707,181.4736938
287908,180.8000031
288008,180.2947235
288108,182.0631561
288309,181.1368561
288409,179.7894897
288609,170.9473724
288709,27.70526123
288910,2.694732666
289211,182.3157806
289311,183.663147
289411,183.3263092
289611,182.3999939
289711,181.0526276
289912,179.3684235
290012,177.0105286
290212,178.4421082
290313,178.5263214
290413,181.2210541
290713,181.0526276
290713,downLeft6
290914,180.2105255
291014,179.2841949
291214,177.6842041
291314,178.1052704
291415,178.1894684
291615,177.2631531
291715,178.6947327
292016,179.7894897
292216,179.8736877
292316,180.8000031
292416,181.6420898
292617,181.3894806
292717,181.8105316
292917,181.2210541
293018,180.6315613
293218,178.1894684
293318,148.1263123
293418,11.19999695
293619,2.778945923
293719,42.02105713
293919,167.8315735
294030,183.7473755
294220,182.3999939
294320,181.3894806
294521,180.5473633
294621,178.4421082
294921,178.6947327
295021,180.8000031
295222,179.9578857
295322,180.8000031
295424,downLeft7
295524,180.7157898
295624,178.4421082
295724,178.1052704
295924,177.6842041
296225,177.7684326
296325,177.8526306
296526,178.1894684
296626,177.5999908
296726,177.9368286
296926,179.621048
297026,180.2947235
297227,179.9578857
297327,181.0526276
297527,180.8842163
297628,182.4842224
297728,181.2210541
297928,176.7579041
298029,93.30526733
298229,3.621047974
298329,137.6842041
298530,182.9894562
298630,181.9789429
298730,182.9052582
298931,182.1473846
299031,180.8000031
299231,178.6105194
299332,177.5157928
299532,179.2841949
299632,181.3894806
299833,181.8105316
300033,181.1368561
300033,downLeft8
300333,179.5368347
300534,177.5157928
300634,177.4315948
300834,177.5999908
300935,178.6947327
301035,178.1052704
301335,179.7052612
301536,178.1894684
301636,178.6105194
301836,180.042099
301937,180.6315613
302037,180.5473633
302237,181.1368561
302337,179.9578857
302538,170.9473724
302638,27.19999695
302838,1.852630615
302939,122.4421082
303039,183.2421112
303239,183.1578979
303340,182.3999939
303540,182.9894562
303640,181.4736938
303841,179.9578857
303979,178.4421082
304049,178.0210571
304243,180.1263275
304364,181.3894806
304544,181.9789429
304655,182.1473846
304945,downLeft9
304945,180.7157898
305145,180.9684143
305245,179.7894897
305348,178.6947327
305546,178.5263214
305647,176.5894623
305847,177.0105286
305949,177.5157928
306148,177.9368286
306250,178.0210571
306351,179.3684235
306548,178.3578949
306652,179.7052612
306849,179.5368347
306954,180.7157898
307250,180.2947235
307350,181.8105316
307450,182.3157806
307650,181.6420898
307751,180.2105255
307951,178.7789612
308051,176.2526245
308252,129.8526306
308352,5.221054077
308552,2.273681641
308653,160.421051
308753,183.9157867
308953,183.3263092
309054,183.494751
309254,181.7263184
309354,181.3052521
309454,179.2841949
309654,178.3578949
309755,178.0210571
309955,179.8736877
310055,180.8000031
310256,181.7263184
310356,181.1368561
310556,downLeft10
310664,181.7263184
310756,180.8842163
310957,179.7052612
311057,179.621048
311257,178.1894684
311358,178.2736664
311558,178.0210571
311658,178.4421082
311758,178.5263214
312059,178.4421082
312259,178.6105194
312359,178.2736664
312560,178.3578949
312660,180.2105255
312760,181.5578918
312961,181.1368561
313061,181.2210541
313261,181.8947296
313361,177.7684326
313562,102.2315826
313665,2.610519409
313862,19.957901
313963,181.2210541
314063,183.494751
314263,183.2421112
314364,183.578949
314564,182.9052582
314664,181.9789429
314764,181.6420898
314965,180.042099
315065,178.1052704
315266,177.8526306
315366,178.6105194
315567,177.7684326
315667,177.9368286
315767,177.8526306
315968,178.6105194
316068,178.5263214
316268,177.6842041
316369,178.4421082
316569,179.1999969
316669,179.5368347
316870,178.1894684
316970,178.4421082
317070,179.621048
317270,180.042099
317370,180.6315613
317571,180.9684143
